id,yt_id,est_gender
1,rDiGYuQicpA,male
2,FwFkb1x7FJQ,female
3,A6GLw12jywo,male
4,nwfSENkvJXY,male
5,teV6Oa6mVPE,male
6,E5X6Qy772YU,male
7,NEjZt0y6OOw,female
8,i_C7jcJEo5U,male
9,VSWBcizzpKM,male
10,RTIY66IPjdY,male
11,51z7WRDjOjM,female
12,z42lVW3z1_w,female
13,FWuix2tbk9Q,male
14,pANJjkU0Whw,male
16,x-ewvCNguug,female
18,n77BfxnVlyc,female
19,ap-ZC21bk18,male
20,iIiAAhUeR6Y,male
21,RlBTxuWCuL8,female
22,8T_jwq9ph8k,male
23,HLuv7lsvWco,male
24,FOZ6KnVPvIU,male
25,RRymi-lFHpE,male
26,gu_PQBmk-6c,male
27,sWqkKYwvTNw,male
28,xBIVlM435Zg,male
29,5UGC2nLnaes,male
30,um5gMZcZWm0,male
31,7-onVz1D_uc,male
32,ik9x-eu49_c,male
33,d3xlb6_0OEs,male
34,NGRnJ-zhSOk,male
35,2HgL5OFip-0,male
36,_2Js_g7M60M,male
37,WQR0gx0QBZ4,male
38,IfbOyw3CT6A,male
39,8iYpxRXlboQ,male
40,85LGttCxmqk,male
41,W5ySOqtxhbw,male
42,3qF26MbYgOA,male
43,7g0O003kufA,male
44,Yd9cf_vLviI,male
45,-yOXsK5-SFY,female
46,UU0MX8epDro,male
47,gQliI_WGaGk,female
48,81qHa3gJB3E,male
49,1x0PA0Rnjho,male
50,eZp-H9g_jeY,male
51,kMTCNOlozTA,male
53,gQ-cZRmHfs4,female
54,PdcqEjmuxjA,male
55,QCFSrb6B5nw,female
56,U2Dd4k63-zM,male
57,wiUS82JBu80,male
58,MNhiHf84P9c,male
59,1VOlXwhp00Y,male
60,KR8SwPmCFd4,female
61,KvHL0dHj3RM,male
62,Dtbn9zBfJSs,male
63,W7raJeMpyM0,male
64,NQvMQEB0j_A,female
65,ac0E6deG4AU,male
66,iG9CE55wbtY,male
67,kLmzxmRcUTo,male
68,wcZFIy2mfyE,male
69,bL7vK0pOvKI,male
70,Y6bbMQXQ180,male
71,640BQNxB5mc,male
72,CIZAZYsKM84,male
73,UhXiHJ8vfuk,male
74,zjcX8tr7Eo4,male
75,18r6nchs91E,male
76,a8nDJaH-fVE,female
77,RHTTIg7HY80,female
78,GzOQLDwUAC8,male
79,Ixjxvzb2-Fw,male
80,5KdOPY1Iqiw,male
81,FvAl7Sjddok,male
82,RiJzJ771vDw,male
83,e-txR1WSPBs,male
84,AGKZhNK_pHw,male
85,ft24bHtNJwY,male
86,OtIyx687ytk,female
87,FMkJVXi7Rp8,male
89,0Bvq8Vo8F8U,male
90,5n-APFrlXDs,male
91,8k_XH-ajLo0,female
92,RUwS1uAdUcI,male
93,VO6XEQIsCoM,male
94,DTepA-WV_oE,male
96,Cpc-t-Uwv1I,male
97,LTO_dZUvbJA,male
98,1APOxsp1VFw,male
99,9zcSdv3j7zs,female
101,zjyKc1d_uRE,female
102,fjbWr3ODbAo,male
103,IU3V6zNER4g,female
104,IoRjz8iTVoo,male
105,vMKNUylmanQ,male
108,ipfqKyxm5Hc,male
109,J-brae31GE0,female
110,ZrSvWuqLui8,female
112,2wdkxdiOFJA,male
113,VxGMqKCcN6A,male
114,VDX3RgokKxU,male
116,KzGjEkp772s,male
117,-3casC77XSc,male
118,2FSE3TNFkJQ,male
119,5u9YWWcgheY,female
121,Q1ZeXnmDZMQ,male
122,eXndL3TNCmo,male
123,B67LTsGENPQ,male
125,G6CVj5IQkzk,male
126,Vld1zXGtZGg,female
127,-YpticqS9-8,female
128,nuXJFbJNltg,male
129,M-8k8GEGZPM,male
130,h5cZITQDTrE,male
131,Ntg1Gpgjk-A,male
138,zQNfa5xt9Uw,female
139,SuWH0ETXTfE,male
140,YpKbO6O3O3M,male
141,-Bn6Gel7yEs,male
142,tijEl8I38mo,male
143,xGXt3GUJ-9w,female
144,zAvNlh2Z0GI,male
145,ukS4UjCauUs,female
146,e3NA-aKpgFk,male
147,Id2rZS59xSE,male
148,ORYKKNoRcDc,male
149,HTdY_3wyKMs,female
151,ZnepHUYFqgg,male
152,bG2QKbpjDqo,female
153,G8yKFVPOD6o,male
154,3yfz8yTXKXI,male
155,iCermULRk-I,male
156,J-KfKxCaDVA,male
157,H6kBP9b3I90,female
158,LW0SMk-HJ3M,male
159,RfobLjsj230,male
161,J4VzuWmN8zY,female
162,b694exl_oZo,female
163,ramBFRt1Uzk,male
164,LjQM8PzCEY0,male
165,lMkHYE9-R0A,male
167,v9d65u3LfKs,male
168,JVbl-IaklIo,male
169,FbcHBqUchiE,female
170,3-RQ6i0_qRw,male
171,bGV5-DJ5_QU,female
172,xHsXfmHaBUo,male
174,jNgkEGs1l4A,male
175,xRb7_ffl2D0,male
176,eneJXqmh3g0,female
177,W5vka0MRzXs,male
178,xxXa9pxwzoY,female
179,FQDBfcfFMik,male
181,DudfBIxw6do,male
182,esBPJQihKyg,female
183,Yn1snjEtk54,male
184,Rl2LwnaUA-k,male
185,9ZwNaaJxw40,female
187,7Q25-S7jzgs,male
188,WtvsqRmvWUo,male
189,oEZrAGdZ1i8,male
190,Qn2NR901NMY,male
191,vbLEf4HR74E,male
192,XkEys3PeseA,male
193,aSyAwuQPMRo,male
194,UuRxRGR3VpM,male
195,Ascql_RoeBU,male
196,xF7cHmyEJ-c,female
197,Z4PwHD7XKj0,male
198,7n36qV4Lk94,male
199,M4vqr3_ROIk,female
200,r3wyCxHtGd0,male
201,rG6xlKzFFrI,female
202,C-VacaaN75o,male
203,waO8KKtVgaQ,male
204,E11cDEr272Y,female
205,vpjVgF5JDq8,male
206,YVvn8dpSAt0,male
207,-bdf1NnDZ8M,female
208,39rIebbXshA,male
209,UUfUAJD3qrU,male
210,nbpdcNwrpwc,female
211,1NiB2ZAS-tk,male
212,-tzZB6RbXsY,female
213,haKh9mCk3xk,male
214,TQPN1O03z8I,male
215,seD2MuBTNuI,male
216,d5s3Z0iesRM,male
217,yEF_Dicq3c4,female
218,X-ywH1Vj8_U,female
219,domH58hRzx4,male
220,qGIBN2gEIeU,male
221,3l2QopJbDBs,male
222,wkJRYEe9nUs,female
223,cRYzjqchNKo,male
224,NPu2j3JVmnw,male
225,5ax1iSHp-ro,male
227,nKZ-GjSaqgo,male
228,Eg_ToU7m1MI,male
229,UyyjU8fzEYU,female
230,vc8Ks6KOySg,male
231,Sp7ZjH2IHJ8,male
232,UNbP7O6jasw,male
233,FaSF1gPBKrA,male
234,SJMm4RAwVLo,female
235,7vXsynj1QkQ,male
236,NdFJOcaVDYU,male
237,Gj8IA6xOpSk,male
239,8Y9ppbU0864,male
241,bEol611ADM8,male
242,xjBIsp8mS-c,male
243,rUO8bdrXghs,male
245,QgKCrGvShZs,male
246,Zj2QoLhfwew,male
247,NgYE75gkzkM,male
248,6Ly7Btx0Stg,female
249,IN88mI8zpSg,male
250,8D0pwe4vaQo,female
251,YtdE662eY_M,male
252,z_VdcDJAlWQ,male
253,_6uKZWnJLCM,male
254,U_ob8SBXF_E,male
255,d21Eyvhk9Z4,male
258,XI5frPV58tY,male
259,176adlNeRy8,male
260,BS-LyKorcq8,male
261,bXQAgzfwuNQ,male
263,5YkNkscBEp0,male
264,qHU8G6icwsY,male
266,QGn8F4j6pH8,male
267,bPfn01Ndc1g,male
268,8oVT8jg1R6s,male
269,fQ_9-Qx5Hz4,female
270,VhAD0dMslB8,male
271,l13ezJ9rsAQ,male
272,OsFEV35tWsg,male
273,y8zWH3T5RCA,male
274,sPQViNNOAkw,male
276,gR4UlNoOrlc,male
278,EF692dBzWAs,male
279,f09lQ8Q1iKE,male
280,BUmOKfllAEo,male
282,rZCxdbqMc2Q,male
285,HSdXqmnNCp0,male
286,r9LCwI5iErE,male
288,y_TKjfgjiQs,male
290,TUIzmzgOheg,male
292,0VJqrlH9cdI,male
294,nrbiIWD_CxI,male
296,hU446HDtGv8,female
297,bpi6us7wQfE,male
298,D492MbAfBJc,male
299,DRmW03Rd8xM,male
300,ySRvKzZsDqw,male
301,B5MkpzMAOZM,male
306,wVGjQSnLg4Y,male
307,OYfoGTIG7pY,female
308,90mj79GqWhc,male
310,GigYWy2UmOY,male
312,9FBxfd7DL3E,male
313,PzyAP4zLb6w,female
315,V-TGxJI4JwA,female
316,z5lZ9wciZQM,male
318,H682jmofwZs,male
319,yDYCf4ONh5M,male
320,nyLYQYHGbvI,male
321,NYKcOFQCeno,male
322,67P_B-wbUIc,male
323,tmHloU_xEJo,male
324,S4eye-hqQqQ,male
325,MElm2v5eFf0,female
326,laxxj3hQWZA,male
327,1_oa8m5Oq00,male
328,GOW0IKO_zfM,male
329,KKHCy3f_6Og,male
330,0652vE9Q3VQ,female
331,WhGG__boRxU,male
333,5hJCxSiH4ts,male
334,mAp6X0zZfx0,female
335,sUOBLX55h4s,male
339,a8AtVBQ8MBE,male
340,zbOvPUO_UWw,female
341,vs41JrnGaxc,male
343,eIs5CKzckq0,male
344,gCPH4p-Zp1Q,male
345,zIT1f3CrZag,male
346,pXoHC2D15hM,male
347,uKabYHpXlDw,female
348,qXvDLPu5vh0,female
349,ag-Oyn8vIPE,female
350,BOba_zGoZq8,male
351,RYsTv-ap3XQ,male
353,lzDBrMisLm0,male
354,CuQHSKLXu2c,male
355,UdyRmdv-KiY,male
356,2OUFCyKr-t0,male
358,cDNEjS4la10,female
359,hB6ZbC53tVc,female
360,X6laJ2rzgh4,male
361,mfv_hOFT1S4,male
362,Y-SBzQnFx7A,male
363,vgGmnHHlIXo,female
364,US76l775sLU,male
365,IESYMFtLIis,male
366,fXIeFJCqsPs,male
371,y-Gk_Ddhr0M,male
372,iNEGiPXhiAY,female
374,8W51H1croBw,male
375,yhHePLaMP_k,female
377,CbVflDOWCbU,male
379,fu-IhoOsjkU,male
381,T3vZbEJXCAE,female
383,eYyN_6GmzWI,male
385,MEfH6-nJ--E,male
386,PLXsUgL_wpc,male
388,HZCeqs-fR60,male
390,h-Xm4ufnoxY,male
391,NlYJQ0psZYA,male
392,RjwUn-aA0VY,male
393,yzOcvINn8Iw,male
394,Y96w6AFVi0o,male
395,_lZ55gHabAA,female
396,eSn6GP0UhKM,male
399,3j1CSYZrV-Q,male
400,57eeP31s-Rs,male
402,Tq000rAZBMc,male
403,_IlPme5LUtE,male
404,c64Aia4XE1Y,male
405,LN2shXeJNz8,male
406,gvrgD0mAFoU,male
407,7EFiwkbMDQA,male
408,9o8rd3Hx1NI,male
409,WYRqN1F_DxI,male
410,lHXXsEtE3b4,male
411,Zw7zA-RV5yE,male
412,YYtr9us2pGw,male
413,EZeVtfQ7bpI,male
414,x72uoP2a55I,female
416,3GXlvP4kLHg,male
418,GQDQ9rUx-6g,male
419,7_XAMm_TBJk,male
420,c-4flnuxNV4,male
421,NWvXyobH9fg,female
422,aSNrKS-sCE0,male
423,pxr2GRJ6tjc,male
424,U6MhV5Rn63M,female
426,LNOtiRB3uyk,male
427,uNYMw9O2bu4,male
428,TgxLl-jBAjY,male
429,Ei5oOEoGlIM,male
430,DeyzUysMLy0,male
431,4mNgNV533nk,male
432,fXYckRgsdjI,male
433,gK8Yk3mEEb8,male
434,2RD0OZCyJCk,male
435,atn22-bmTPU,female
436,tFpANOqSdi8,male
437,_xJXZBCOWMY,male
439,mPhuj-W8kyE,male
440,3lYN_lXU9PA,male
441,W7_Zhcd1Vlk,male
442,HF9G9M0cR0E,male
443,pG5X31CDg_g,male
445,2od4mp91q9w,male
447,RzP_kIXsuvA,male
450,TSMzKg6fwJ8,male
451,tsgvhP07BC8,male
453,86x-u-tz0MA,female
455,tWmJcR-x_hc,male
457,JP0w9lZoLwU,male
462,lA-zdh_bQBo,male
463,JNcLKbJs3xk,male
464,Uintr2QX-TU,male
466,amSqQ5XNaGE,male
467,43DuLcBFxoY,male
468,EszGIvRdgTE,female
469,jUIfiLplNqQ,male
470,M7K-nq0xkWY,male
471,19Hj93IgbeQ,male
472,ScJVrV6bk1g,female
473,3n_EitPb7BU,male
474,y6FT80ZoVJY,female
475,3vfuCPFb8wk,male
476,rN7VcY1f-1Q,female
477,IRVdiHu1VCc,male
478,OFSNR8t5KdY,female
480,RlQEoJaLQRA,male
481,nZ-VjUKAsao,female
482,JQ0iMulicgg,female
483,HHwXlcHcTHc,male
484,OM6XIICm_qo,male
485,TzN-uIVkfjg,male
487,nUdsTizSxSI,male
488,rEg-ZNB3qyI,male
489,fOk6HQaNpdE,male
490,gmn7tjSNyAA,male
492,LguEk06Wb-U,male
494,oD06XPtmLZY,female
495,mJxA8eIWQUc,male
498,0MM-psvqiG8,male
499,mMEPV-NTeZs,male
500,OV_N_eFTaso,male
501,zHuH8P_Vqc0,male
502,eXp5QSfXLQU,male
503,ZBWwREYWzbU,male
504,M1pr683SYFk,male
506,YWZmqpQi2y4,male
507,ts5MKtXNpMQ,male
509,TVfmUfr8VPA,female
510,grtGI7QpPdw,male
511,-mQJYte4T2Q,male
512,FcoJt2KLC9k,male
515,hVsnkRoYfX0,male
516,u-D-zEToJQ4,female
517,iPE2_iCCo0w,male
518,VIgzTLDyObo,male
519,zGEDHMF4rLI,female
520,UAq4yBdSYZs,male
521,fkPI-Y2Vg5k,male
523,qBHIT9yEPh4,male
524,1LecJKz9o8w,male
525,Ip2-Qa50uBI,male
526,Z41BTeAU7DI,male
527,sucza6EOIf0,female
529,2lJvr5UL2pQ,female
531,YnAVjkuQz-Y,male
532,emn28FrJ6CI,male
533,6Vy0ncmUvUw,female
534,7zT7iKmfrCU,male
535,d3B541KM3q4,male
537,UZmXwOgNq7c,female
538,uQGYr9bnktw,male
540,3qRtDnsnSwk,male
541,XleLQUcOVsc,male
544,JNJlhtNpuiU,male
545,2cYDyMnL4M8,male
547,iP9QF_lBOyA,male
548,9X68dm92HVI,male
549,7jx0dTYUO5E,female
551,l2_0V1DeDa4,female
552,5XnR-w682bw,male
553,M0yhHKWUa0g,male
554,Z5TUpNZqjM8,male
555,F73O3_im0Wo,female
556,r8Ff1Xj_-eM,male
557,TV5JBCBcCO0,male
558,syqScVtnKuU,male
560,HMYVH-hBGWg,male
561,wJxSRo564Dc,male
562,64-bHvDcgQQ,male
563,VvQ_G24Zwek,male
565,aSCsNcqY1mk,male
566,3EvQGpQtX8o,male
570,6W2dsnhC18Q,female
571,d3syTrElgcg,male
572,CgNx9Bgac1I,male
573,a7B39MLVeIc,female
575,c_iN_QubRs0,male
578,NL0uxDscjdo,female
580,fIICVeGW4RY,female
581,iKorq7dE4gM,male
582,bo4HiVetBd0,male
584,TvW4yugCPZo,male
585,_mLeSPk3ddE,female
586,sfIpMJwRFk8,male
587,BhMKmovNjvc,female
588,hvHViFc0ekw,male
589,G8w4UQL6aI0,male
590,b0vDWqp6J7Y,male
591,wPFA8n7goio,male
592,OyPGDBOqPFs,male
594,wJttdkKo4nM,male
598,TUxwiVFgghE,male
599,WCGuG0uT6ks,male
601,Cj04JUBXe2E,male
602,u2V0vOFexY4,male
603,QOSPNVunyFQ,female
604,y7rrJAC84FA,male
605,MtSE4rglxbY,male
606,1G0MzlfMPuM,male
607,gwPoM7lGYHw,male
608,mSHBma0Ithk,male
610,rBKV4rOgSJU,male
613,rXepkIWPhFQ,male
614,k_GFq12w5WU,female
615,nF_dHdNOgSA,male
618,rrkrvAUbU9Y,male
619,y1GqNN2Xe7g,male
620,KVhWqwnZ1eM,male
621,vlj9aPKB9m0,female
622,Uwl012o8P7I,male
623,tpKWHSsBpnE,male
625,CGksAjzI0go,male
626,CsjV1gjBMbQ,male
627,eR22lqzdIHU,male
628,DjeIpjhAqsM,male
629,HALd9FY5-VQ,male
630,GOCUH7TxHRI,female
631,X1dm_mBo81o,male
633,XO1Me-MY-Q0,male
634,4AYE3w5TWHs,male
635,BxFvxKa-mWo,male
637,SgOTaXhbqPQ,male
639,Vvndzh78nf0,female
640,P65XdTlk4vA,male
641,-hFk6FDrZBc,male
642,crjU5hu2fag,male
643,jKl0tb3VmfQ,female
644,x4m6j7rSyzY,female
645,XRWTyUVh0BQ,male
646,UAinLaT42xY,male
647,bhHJ4DRZNZM,female
648,YPLGuwXomYQ,male
649,MNuOmTQdFjA,male
650,CLWRclarri0,female
651,xTkKSJSqU-I,male
652,D9Ihs241zeg,male
653,mf5otGNbkuc,male
654,F7oT1gXo5eA,male
655,3z1cCT2NP4k,male
657,wjW-v0IPT_M,male
658,audakxABYUc,male
659,LS3wMC2BpxU,male
660,rRepnhXq33s,male
661,ONXYcN-7k1Y,male
662,90AU6D8qEhc,male
663,R9g3Q-qvtss,male
664,9E3a0H-Xc_g,male
665,KuWXfjyGhk0,male
666,folTvNDL08A,male
667,nAMrtHC2Ev0,female
669,KvvjDOtS2sw,female
670,415VX3QX4cU,male
672,5APf07w4J2c,female
673,sEOSCziWuP8,female
674,tIhk2EswC_U,male
675,8E9Fx71e7zw,male
676,7HD3lrb6VtM,male
677,MBZyRlxVd-E,male
679,N4wFyRGilp4,male
680,_Lk5nU8FrXo,female
681,Jm2dWbNsnZI,male
682,QlyorcJ28UA,female
683,BEsJI6Nxo4Q,male
684,8mPpe8AL21A,female
685,YrtANPtnhyg,male
686,I7QwxbImhZI,male
688,3LzX36s_hcs,female
689,EiTrl0W1QrM,male
691,GFivy8eFFBo,male
692,SpTGUT-Fvf4,female
694,yioZhHe1i5M,male
695,fiK5-oAaeUs,male
696,8meWY0W40OA,male
698,PXMJobWlXks,male
700,mclzytQQMGI,male
701,c8re1U9rCo4,female
702,eJCTAXb_BWs,male
704,jeOumyTMCI8,female
705,EHxR9kBVVV4,male
706,3XDdhbrg2kw,male
708,F_NEIwDiCSw,male
709,b5QCM1_gVGA,male
710,ROgFmb3oTLo,female
712,uXl-mKZ7aSc,female
713,7NJhq163t78,male
714,tPgQsv2KPwc,male
715,WNDWYW4yWEM,male
716,2cU56SWXHFw,male
717,tUAepQYyMY4,male
718,S6BLFdBfgfU,male
719,jxMvDpIeu9U,male
720,UF8uR6Z6KLc,male
721,kBdfcR-8hEY,male
722,cuN2etCCkhA,female
723,lxYFURQ7Ehw,male
724,t0pwKzTRG5E,male
726,jguSkEMwrcc,male
727,I-jk9ni4XWk,female
728,vW99KFD-Bk8,male
729,o8sv3pbCJTs,female
730,ji5_MqicxSo,male
732,hrCVu25wQ5s,male
733,dIbkqUm_xKk,male
734,pZni9Kx9Jfw,male
735,7Y2sj_G4Njg,female
736,p_p-Ex5KR4g,male
737,qeDFXMKQK9s,female
738,UcnYqyQyHd8,male
741,XFnGhrC_3Gs,male
743,S4rBC2lRmY0,male
744,7SfRgg9botI,male
746,dw4w1UsOafQ,male
747,0xuFnP5N2uA,male
748,62cNtvx6P8E,male
750,LHHlPnfOtRo,male
751,YhG1Bgbsj2w,female
752,IwidCkCmWg4,female
755,1K5SycZjGhI,male
756,wHGqp8lz36c,female
757,XBJQENjZJaA,male
759,WQ2PFoHptK8,male
760,-ew0bn8mGAA,male
761,IRxgDMSp9Gs,male
762,OPA-rQyKeLY,male
763,XkiXXP_hycA,male
765,go_QOzc79Uc,male
766,NCPzji_-2Oo,male
767,JaF-fq2Zn7I,male
768,3ELnyoso6vI,male
769,dTwXeZ4GkzI,female
770,GS1xL1qcBa4,male
771,IWdzrZdRa38,male
772,pTZM9X3JfTk,male
773,fn_9f5x0f1Q,female
775,ne6tB2KiZuk,male
776,xeFl0RE31x0,male
777,I_4IK8CiLg8,male
779,XgRlrBl-7Yg,male
780,LbIXYEW9CSQ,male
783,LT_x9s67yWA,male
784,v3pYRn5j7oI,male
785,PVfd6fg7QsM,male
786,LIckScLypGA,male
788,3YcZ3Zqk0a8,male
789,qlty0OPcU6k,male
790,4EUAMe2ixCI,female
791,bSidnKdH5_4,male
792,Cb_6PPBJJB8,male
795,EhqZ0RU95d4,male
796,uVAaZVz9pDs,male
797,F3OhcpK-UBc,male
798,_ZG8HBuDjgc,male
799,dE1DuBesGYM,female
800,jZxLsDkvkVQ,male
801,Hj9oB4zpHww,male
802,zDcaoTVy4fA,female
803,yyemG7V5ynQ,male
804,MLU7qcMYKO8,male
805,C_SBGTJgBGo,male
806,L9jjhGq8pMM,female
807,HUM2rCIUdeI,male
809,n8eyF4UWG38,female
811,B0cphH1jkQI,male
814,V74AxCqOTvg,male
815,V-bjOJzB7LY,female
816,aR3C5GyxBZU,male
818,LoXAAEy6YQU,female
819,rNgqQNovWTc,male
820,cfR6tiSW-AM,male
821,vXDJ-nAykKE,male
823,vXVCf5VTHrw,female
824,7OMLSs8t1ng,male
826,y6MC4iXhT6I,male
828,xP4w2DMscGw,female
830,ww4kNxYE0c4,male
831,EGjxI_5MPUY,female
832,D7o7BrlbaDs,male
833,IThAD5yKrgE,female
835,c0Z7KeNCi7g,male
836,EHNP7KqLrW4,male
837,H0_yKBitO8M,male
838,rWhLSORCwW0,male
840,TSJas9P4uPY,male
842,n9Z_pccScW0,female
843,60P7717-XOQ,male
844,dXqPaHQp4Xw,female
845,whjLZogf9e0,male
846,1Totz8aa2Gg,male
847,0zvrGiPkVcs,female
848,qp0HIF3SfI4,male
849,OmczrIUzL7A,female
850,u0VHC1-DO_8,male
851,JHk9YVjhk7c,male
852,2U-tOghblfE,male
853,kcwBH_Uevxo,male
854,6ul2TSvUDog,male
855,NWUFjb8w9Ps,male
856,Ysxz5Ug70G0,female
857,fD1512_XJEw,male
859,B9bDZ5-zPtY,male
860,k7sKMj85hDw,male
861,5aLiFw8C_EA,female
862,GGScU5ESei4,male
863,QHIocNOHd7A,male
865,kFMZrEABdw4,male
866,zL2FOrx41N0,female
868,aoGJP02CtPA,female
869,nncPtxLCPrE,male
870,nE-k6_teXg4,female
871,xyf_0SMAsFA,male
872,b6YTQJVzwlI,male
873,0HEXx3-P8kk,male
874,a_1UEAGCo30,male
876,HdwOlk6HIVc,male
877,uarlIjkHlAs,male
878,hPsUXhXgWmI,male
879,hoF4FHCbHwU,male
880,dkLcwHmnPV4,male
881,UK8ccWSZkic,male
883,Se8kcnU-uZw,male
884,b_6-iVz1R0o,male
885,UoX-YihV_ew,female
886,mKe3QKcta-8,male
887,nx3GuO41Jyg,male
888,hZ-5swhJHUk,female
889,UROCz70tlMY,male
891,MkS-u32xfGc,female
892,6X-8TA4RBog,male
893,dBxvZwJZgdM,female
894,KElS5nZD5yc,male
896,qu7ZpWecIS8,male
898,J_uTsrxfYWQ,female
899,ooAIIeo4AJQ,male
900,8agz9FcDcPk,male
901,Rw9s0ivfn3w,male
909,ay8OMOsf6AQ,male
910,Z7CtKDNf2RI,female
911,1BS-XUntiLg,female
912,fTznEIZRkLg,male
914,7gouSXt2zE4,male
915,OLHh9E5ilZ4,male
916,vXPJVwwEmiM,male
917,Zq7QPnqLoUk,female
918,HNOnvp5t7Do,male
919,_K095wuE_eE,male
920,F8bM8K7W_R8,male
921,fVhggGSjXVg,female
922,DL0_gcP15Ts,male
923,vBmavNoChZc,female
924,lDq9-QxvsNU,female
926,b0_VSkoZvaE,male
927,DUd8XA-5HEk,female
928,QISHX5UKky0,male
929,jcp5vvxtEaU,male
930,hFgPtuzgw4o,female
931,dCFFxidhcy0,female
932,Uieh3RfkCng,male
934,GqnJFm1C-3c,male
935,RmXiItk49Gw,male
936,Yn9fTc_WMbo,male
937,pLqjQ55tz-U,male
938,__zRf_JTNW4,male
939,WF6-De4U-vE,male
940,X-85KAYKOT4,female
941,8cwW_S29faQ,male
943,l7AWnfFRc7g,male
944,M1o3FS0awtk,male
945,RgqtrlixYR4,male
946,OkKhI6-t40w,male
947,NHopJHSlVo4,male
948,Oa82WNk0mis,female
949,dk60sYrU2RU,male
950,rAA8mMQi0is,male
951,g2J6YOiLNr4,male
952,py1RrSdVt5A,male
953,aNDiHSHYI_c,male
954,evfgbVjb688,male
955,X6Zo53M0lcY,male
957,-Z-vyLHi2us,female
958,L-dPxGLesE4,male
959,bdEF9WEiO5g,female
960,BRETz2F-heQ,female
961,0af00UcTO-c,male
962,I9tB6Q5bmcQ,male
963,1fZ4XOnnh1c,male
964,QuI-7J59_Yw,male
965,ELgvDMTKyBE,male
966,OrAo8oBBFIo,male
967,HA7GwKXfJB0,male
968,Jc2F3-nawnI,female
970,EL9TBKSdHXU,male
971,zmDENxTPn8Q,male
972,NZsp_EdO2Xk,male
973,ufJ7sOtuFd0,female
974,OT9poH_D2Iw,male
975,PKbet4RdSo4,female
976,AIfwFLDXFyQ,male
977,GlUS6KE67Vs,female
978,b98Iw_AeGQg,male
980,3GBrJiSMFu0,female
981,3gSSNHO1dDs,male
982,ax96cghOnY4,male
983,Cqj0sgrNL10,female
984,bkeBjP_9ZR4,male
986,fddYApFEWfY,female
987,XzNLfw5lS4A,male
988,zjPtuhEJQb4,male
991,z_XchYY3bnU,male
992,796LfXwzIUk,male
993,GAMR5RD_LJo,male
994,PxQcnxSbivQ,male
995,ViZBwbzOcC8,male
996,KyamsZXXF2w,male
997,izddjAp_N4I,male
998,ZuCtZJGcEMU,male
1000,EZ_f3Fc0ZRA,male
1001,TrwaDlrXB6w,female
1002,aiIxdFBA0Sw,female
1003,UfM7t_oqNDw,male
1004,8tEuaj4h8dw,male
1005,okQXrB7y_Aw,male
1006,UB2iYzKeej8,male
1007,60OVlfAUPJg,male
1008,PktUzdnBqWI,male
1009,D089t_F9yUU,male
1010,HD4bpztESWw,male
1011,EhM56Fk2aFk,female
1012,VC0taBVUF2o,female
1013,SS8T-f2srSw,female
1014,5XD2kNopsUs,male
1015,gVLu99Ja2mA,male
1016,uaB6Bdgp3WU,female
1017,Hc6yi_FtoNo,male
1018,O6GimGZz6a8,male
1019,9IRv3TOjE1I,male
1020,eJ89At9Xxws,male
1030,dsmgvrcH94U,male
1031,td1PbsV6B80,male
1032,g_CSsL3it9Y,female
1033,7ZymFMmpOa0,female
1034,up4hFj-jcTY,female
1036,12OAr0lt4bk,female
1037,AQa3kUJPEko,female
1038,zDZFcDGpL4U,male
1039,Ht6TTA8z3MI,male
1040,18uDutylDa4,female
1041,jyYjI7zQlaA,female
1042,iCvmsMzlF7o,female
1043,IDS-ieLCmS4,male
1044,nncY-MA1Iu8,female
1045,3Y2Or0LlO6g,male
1046,MkRJG510CKo,male
1047,DqbM1ZrpTQg,female
1048,uPE0G00XFV0,male
1049,FD6CqD1kV8s,female
1050,z1KJAXM3xYA,female
1051,5ODzO7Lz_pw,male
1052,AsSd2nmoKNA,female
1053,23Uuehgmd14,female
1054,0ZhL7P7w3as,female
1055,zvwQXwJyaj0,female
1056,FjvjSlpJoqo,male
1057,pqTkuaAykBw,male
1058,Fu_kBW_KSms,female
1059,imhUmLtlZpw,male
1060,bCGlWQnzDVE,male
1061,cmlRinjYKfM,female
1062,G2Y6Am46eVU,male
1064,Y4xCpqVa-6I,female
1065,mlrB6npbwVQ,male
1066,ZR4LdnFGzPk,female
1067,b-iGZPtWXzE,male
1068,UAj1hsXp18c,female
1069,jdpIKXLLYYM,male
1070,eAnHjuTQF3M,female
1071,I6M54p8VQFA,female
1072,3QZp6smeSQA,male
1073,zO-aCQ6xH-8,female
1074,l5vZHuAtDZA,female
1075,G2XBIkHW954,female
1076,jbHpF7Ey_ck,female
1077,IHBGLHgIWJM,female
1078,ioMpOr7Yx98,female
1079,WNTk29zXl4A,female
1080,l5ZJ6bK1EIc,male
1081,IPBCxlx_SVk,female
1082,scITIoJvMJ0,male
1083,8uOIa3Ag_WY,male
1084,2XiDdnDCD34,male
1085,0PAy1zBtTbw,male
1086,SWvJxasiSZ8,male
1087,jiUKpX09zo4,male
1088,9RMx31GnNXY,male
1089,SXKNA_vfHWs,female
1090,nTFEUsudhfs,male
1091,B8ofWFx525s,male
1092,RE4ce4mexrU,male
1093,YeJhVtJKJU8,male
1094,rGfhahVBIQw,male
1095,eLz9TvxGoKs,female
1096,sAQfzHBpRsc,male
1098,qKmuMQT5E6Y,male
1100,0snNB1yS3IE,female
1101,BZoKfap4g4w,male
1102,WjBwhwe5-cc,female
1103,ovV7v2XYJAI,male
1104,BLnOPA7oMxY,male
1105,l3uttHEZnTY,male
1106,tFX68SJs2-0,female
1107,CS01Hmjv1pQ,male
1108,h7u6N-cSWtY,male
1109,bp9KBrH8H04,male
1110,2NENlXsW4pM,male
1111,5M3Dow20KlM,female
1112,FmpIMt95ndU,male
1113,yTR4sAD_4qM,male
1114,6c0VtOdibcI,male
1115,Sktdq5z1N-4,male
1116,YyBk55G7Keo,female
1117,P0uG8YF_NiM,male
1118,yqc9zX04DXs,male
1119,5Knz100ldLM,male
1120,OF2N6a3t6uY,female
1121,KNXOVpN8Wgg,male
1122,6GEMkvT0DEk,male
1124,EU15c9hnftE,female
1125,9IgOVOPLTYI,male
1126,QleRgTBMX88,female
1127,0_UTgoPUTLQ,male
1129,BwOd20Mv0hM,male
1130,8_zk2DpgLCs,male
1131,o2WyXD7IaN0,male
1132,wQJC2MMB8nA,male
1133,SFW0TEFKCxk,female
1134,LV-RvzXGH2Y,male
1135,KnCqR2yUXoU,male
1136,bKQA6I4BA7o,female
1137,CijsvAGU6-c,male
1138,3p3-vl9VFYU,female
1139,Y350oOiunf4,male
1140,eqsXc_aefKI,male
1141,Ra-lxoAUP5c,male
1142,vqqWw3xkMzA,male
1143,U9cGdRNMdQQ,male
1144,zw9NXY3xOOI,male
1145,6Waurx8e-1o,male
1146,hupHAPF1fHY,male
1147,oXbhTHaMwTw,male
1148,J6--CMhcCfQ,male
1149,IDkSDPgrtjs,female
1150,zAFcV7zuUDA,male
1151,soAk3F0wX9s,male
1152,4v4XxlfVk3o,male
1153,19KkFCQz8WQ,male
1154,4YS3gGpnPe8,female
1155,5tUn_uoYKoE,male
1156,lLGhrEHOjfs,male
1157,E-wtmV0fAAg,male
1158,O2OQxHNVLNY,male
1159,eMVWSUeeg8A,male
1160,dvYYYlgVAao,male
1161,SYwvyjIDk80,female
1162,nG3vB2Cu_jM,male
1163,0QVXdEOiCw8,male
1164,9YekkGz1E2k,female
1165,30kPKxGuHLA,male
1166,59-Rn1_kWAA,female
1167,Hy4yby7ZAd0,male
1168,CH4TZteceas,male
1169,LpROaNue9GM,male
1170,fT_XvLzNd0o,male
1171,iFfcwfiLfn0,female
1172,-0v7mTvJ8M4,male
1173,R6X_IhgJLzA,male
1174,MsLuQM5V3FA,male
1175,Pzd7ReqiQnE,male
1176,vygS-FKXms4,male
1177,mAAxykQH0Wo,female
1178,ruvWiXowiZ8,male
1180,kwYxHPXIaao,male
1181,oTxvic-NnAM,male
1182,HuWMO3M1HVQ,male
1183,JnfBXjWm7hc,male
1184,-vo01ldlTQc,male
1185,YmVZ8zXJO48,male
1186,Peu7eeGtmQ4,male
1187,r_San-YZDT4,female
1188,pFDoCLf96Kg,female
1189,EZwxKPv1CwA,male
1190,K5wCfYujRdE,male
1191,V4sSabKqyMU,female
1192,cf3zxHuSM2Y,male
1193,uzKBGtf0i0M,female
1194,TDaFwnOiKVE,male
1195,Fg_JcKSHUtQ,male
1196,dwU8eavPInw,male
1197,XyCY6mjWOPc,male
1198,RPicL1AWrs8,male
1199,CdxVbUja_pY,female
1200,cSohjlYQI2A,male
1201,D03n5dAmBSE,male
1202,NaoSp4NpkGg,male
1203,ImQrUjlyHUg,male
1204,7JsNH7A4qM0,female
1205,bHLgTUV0XWI,female
1206,FMJgZ4s2E3w,female
1207,mjDjbJJlqZ0,male
1208,zwjLQgNd7XM,female
1209,04SEzifEsGg,male
1210,EaY_6muHSSI,female
1211,fumsXEuiLyk,male
1212,n8Y8FK8gonc,male
1213,kU0ei9ApmsY,male
1214,iYwAMccbhYs,female
1215,emW1TQ290ec,male
1216,dQijrruP9c4,female
1217,rGaj2VImQec,male
1218,unNRCSj0igI,male
1219,64fDIZiV-SM,female
1220,UR-uWwvpn5c,male
1221,6gSwRHScq6M,male
1222,X7ui-iAp8Pc,female
1223,u8bsCiq6hvM,male
1224,fIqABIcKIvs,female
1225,dhEc5biZOrg,male
1226,xpnFeyMGUs8,male
1227,5l4cA8zSreQ,male
1228,uqc56GMOYWY,female
1229,rHbjwH2Blfg,female
1230,7fx0QcHyrFk,female
1231,sxnlvwprf_c,male
1232,NMr3ShT_Kl4,male
1233,iRsCUJxIrVM,male
1234,h4MhbkWJzKk,male
1235,Nx02V8GBKUs,female
1236,c-sxBTNF2U8,female
1237,F17_KiAZOxg,male
1238,L8YJtvHGeUU,male
1239,RD07GkmM2fc,male
1240,R5bn9EvOQVg,male
1241,cplaWsiu7Yg,female
1242,9APO9_yNbcg,male
1243,YiXd_9DFCOQ,male
1244,sz77x05rySc,male
1245,DnWocYKqvhw,male
1246,P_6vDLq64gE,female
1247,_7rS_d1fiUc,female
1248,6qqqVwM6bMM,male
1249,rsuB-6-n-MM,male
1250,zI0_fSD6GPY,male
1251,MLvwTlbj1Y8,male
1252,MbhNaj88uL4,female
1253,cZ7LzE3u7Bw,male
1254,dFs9WO2B8uI,male
1255,HpiZTvlWx2g,male
1256,wOiKRVH0nQ8,male
1257,cAGFKYNrQgY,female
1258,wAdwurHhv-I,male
1259,rFAdlU2ETjU,male
1260,snHS-UcG--E,female
1261,7s0CpRfyYp8,male
1262,fZ8eyWBQmfU,male
1263,Tlt47diDnHU,female
1264,dySwrhMQdX4,male
1265,FQdQhV1yjfc,female
1266,a7t61U6BBcs,male
1267,iNPsDky1z94,male
1268,aR6jLD1USW0,male
1269,ooUqOwh-2LE,male
1270,fKyljukBE70,male
1271,x2sT9KoII_M,male
1272,Fkd9TWUtFm0,female
1274,V48M5j-6zdE,female
1276,z9sa2ZAqHl0,male
1278,O2N-5maKZ9Q,male
1279,FszSc7Fb8ss,female
1280,rjECbQ1r-k0,male
1281,ACohrH64YKs,male
1282,pkZtRzc9rFQ,male
1283,8lXYZ6s3Dfk,male
1284,YhvfOlPYifY,female
1285,E7oq6J8HvKw,female
1286,cMXFiYhm79g,male
1287,ka8L1YMR88U,female
1288,vEli4dfAXrM,female
1289,stngBN4hp14,female
1290,Qprd1VNNNec,male
1291,bTE0MRRXNzs,male
1292,YuYyq_7KhjA,female
1293,7Iv2nZnZOrM,female
1294,uo7w3g24DWo,male
1295,-Ht4qiDRZE8,male
1296,xossR6eHv3I,female
1297,x4lA-M3zbdU,male
1298,7shXEFuxHAA,male
1299,D2IQkKE7h9I,male
1300,HGiHU-agsGY,male
1301,7UOEk-YkxdU,female
1302,-j2XrT0QN5A,female
1303,A-QpKiU-NHo,male
1304,ttDM6ZtLUL4,male
1305,CTEhgUmSrro,female
1307,rTMqGbTNkNg,male
1308,LMrzdk_YnYY,male
1309,Aa2JfigaNcs,female
1310,t1Z_oufuQg4,male
1311,1QX7aoxSTAQ,male
1312,J-I2eScPkEw,male
1313,IHyR7p6_hn0,female
1314,zuAj2F54bdo,male
1315,XZ3nEK1qSkA,male
1316,yaT4RGhB9ac,male
1317,kU7veyGGps4,female
1318,RoEEDKwzNBw,male
1320,sHJZRPWXQ9s,female
1321,3lxyi_3CGrk,male
1322,WFCvkkDSfIU,male
1323,Ji0EWJd-GZQ,male
1324,N2vzotsvvkw,male
1325,FsGu5YTM1NI,male
1326,gv1ApCmctVQ,male
1327,2Oe6HUgrRlQ,male
1328,VM7HQ_zbdIw,male
1329,9h2dF-IsH0I,male
1330,1pq5jnM1C-A,female
1331,RENk9PK06AQ,male
1332,Kqm9AEvJgxU,male
1334,Q80MfH7xPPE,male
1335,OhYvDS7q_V8,female
1336,c6mhFgAjqwA,female
1337,iUbfRzxNy20,male
1338,8rzlrItooG4,female
1339,vw5HJhIlJp4,female
1340,ogXT_CI7KRU,male
1341,9UiK4llJOXc,male
1342,LjAsM1vAhW0,male
1343,td5Ld3nURAI,male
1344,fLJsdqxnZb0,male
1345,HbUeAdVXOVc,female
1346,gdg4mU-wuhI,male
1347,1nYFpuc2Umk,female
1348,kaxCRnZ_CLg,male
1349,Zd71719_G8Y,male
1350,X31eYIhoMNQ,male
1351,nItwVO9stX8,female
1352,kQa11RMCeSI,male
1353,mc0vhSseGk4,male
1354,gtKTcPq7XBs,female
1355,0ITHly-bhJE,male
1356,X9NFPZGyDPg,female
1357,Y8u42OjH0ss,female
1359,dWZP8cUEB7Y,male
1360,IGadg8xHVPI,male
1361,L9_c1j9VRwE,male
1362,h9SKyrHRhDo,male
1363,iTN9rG_h4VY,female
1364,QpmsftF2We4,male
1365,v3-ZTqj2_kw,male
1366,lJGtXuCmZBM,female
1367,gzcw_02ZB1o,male
1368,hCop3IGZH2o,female
1369,aFBIPO-P7LM,male
1370,66-mr600NjU,male
1371,BpxVIwCbBK0,male
1372,PcDftBVDSlc,male
1373,Hui5YH-D6Go,male
1374,DZT6YpCsapg,male
1375,BltRufe5kkI,male
1376,4ErEBkj_3PY,male
1377,c0KYU2j0TM4,female
1378,c2tOp7OxyQ8,male
1379,KxDwieKpawg,male
1380,fWInyaMWBY8,male
1381,n4EhJ898r-k,female
1382,nw52e0dfCaA,male
1383,dvI5JuB6ThE,female
1384,qrNDkRHAA4E,female
1385,tr4gWi9Jf6k,male
1386,7SWvDHvWXok,male
1387,Uqly8ERIkHM,male
1388,F8UFGu2M2gM,male
1389,2MYsx6WArKY,male
1390,GZadCj8O1-0,male
1391,psN1DORYYV0,female
1392,fir5HI0Gwrc,male
1393,ZdP3XlMDDb4,male
1394,aIFFFGf1ZRE,male
1396,1bnzVjOJ6NM,female
1397,9B0PaSznWJE,male
1398,ddw1_3ZVjTE,male
1399,bJ7rCIq9Lc0,male
1400,-q6aA5qdCzU,male
1401,Sddb0Khx0yA,male
1402,V_LurJfOSiA,female
1403,QxkxcsrveLw,male
1404,YguB-keZ4Tk,female
1405,C4pHP-pgwlI,male
1406,4C-LY9Qlr_0,male
1407,zsI3-IEWgFg,male
1408,xFQ_fO2D7f0,male
1409,t7Xr3AsBEK4,female
1410,cC0KxNeLp1E,male
1411,HxMGItCnINE,male
1412,1US4jjWtua8,male
1413,O4g60zB4Un4,female
1415,iMGRpzf2RL8,male
1416,c0H1zU2ytxA,male
1417,GcJxRqTs5nk,male
1418,2BOTS9GAjc4,female
1419,9-qHrhrTktc,male
1420,RDIy58g9n2k,female
1421,L3QkaS249Bc,male
1422,E_lb3D7Ay-M,male
1423,vvhiN_qq6oo,female
1424,7gkdzkVbuVA,female
1425,4ZB29iq_Zd8,female
1426,bf7BXwVeyWw,male
1427,PsihkFWDt3Y,male
1428,yQP4UJhNn0I,male
1429,B8Z2G7d2kzs,male
1430,LiUClSItcy0,female
1431,SciUx65Q94U,male
